username;password;email;firstname;lastname;city;country;cohort1
xeniamcneill;j&Cv#F08;xeniamcneill@email.local;Xénia;McNeill;Xambrê;BR;T01
luannahudson;eNX2$w#3;luannahudson@email.local;Luanna;Hudson;Rio Azul;BR;T01
guaratingasimpson;Ikn2L6@$;guaratingasimpson@email.local;Guaratinga;Simpson;Iracema do Oeste;BR;T01
raffaelamclaughlin;4@Th7v&C;raffaelamclaughlin@email.local;Raffaela;McLaughlin;Guaratuba;BR;T01
camilemills;@tyU5P%9;camilemills@email.local;Camile;Mills;Ivaté;BR;T01
latashamackenzie;Zq2#F$3m;latashamackenzie@email.local;Latasha;MacKenzie;Godoy Moreira;BR;T01
dianacleveland;D@65Cf#i;dianacleveland@email.local;Diana;Cleveland;Barbosa Ferraz;BR;T01
carmencitaboyle;h79@r%PR;carmencitaboyle@email.local;Carmencita;Boyle;Bandeirantes;BR;T01
xicashaw;#tb@04EQ;xicashaw@email.local;Xica;Shaw;Itambaracá;BR;T01
rosemerritt;%p1mTK&5;rosemerritt@email.local;Rose;Merritt;Campina do Simão;BR;T01
ximenawade;#4AS&b6o;ximenawade@email.local;Ximena;Wade;Guaíra;BR;T01
deisemackinnon;#fJ85Cu@;deisemackinnon@email.local;Deise;MacKinnon;Terra Rica;BR;T01
otilianamurphy;#%i76IkZ;otilianamurphy@email.local;Otiliana;Murphy;Tuneiras do Oeste;BR;T01
karlyjamison;p%ZV83f$;karlyjamison@email.local;Karly;Jamison;Nova Prata do Iguaçu;BR;T01
yolandafigueroa;&r5%HIp2;yolandafigueroa@email.local;Yolanda;Figueroa;Foz do Iguaçu;BR;T01
valescawebb;4wA2&N@f;valescawebb@email.local;Valesca;Webb;Verê;BR;T01
verenamaynard;4x#L&d9M;verenamaynard@email.local;Verena;Maynard;Sulina;BR;T01
capotirarankin;6G$#gz7N;capotirarankin@email.local;Capotira;Rankin;Espigão Alto do Iguaçu;BR;T01
camilawhite;%$Nt3I5k;camilawhite@email.local;Camila;White;Sertanópolis;BR;T01
zildahunt;&%sRUv31;zildahunt@email.local;Zilda;Hunt;Cruzeiro do Oeste;BR;T01
naidafinn;%&DKsu25;naidafinn@email.local;Naida;Finn;São Pedro do Paraná;BR;T01
olgabrown;hqX3#9E@;olgabrown@email.local;Olga;Brown;Loanda;BR;T01
isabelesutton;$5bR#kF7;isabelesutton@email.local;Isabele;Sutton;Lobato;BR;T01
franciscaalexander;$5p@6SUu;franciscaalexander@email.local;Francisca;Alexander;Marilena;BR;T01
ranildagallegos;%m&SZ8a9;ranildagallegos@email.local;Ranilda;Gallegos;Pitangueiras;BR;T01
adrielaferguson;a0#3K@gN;adrielaferguson@email.local;Adriela;Ferguson;Matinhos;BR;T01
nicollyhuber;e0#H&x5B;nicollyhuber@email.local;Nicolly;Huber;São Carlos do Ivaí;BR;T01
valiamendoza;J@%63mpH;valiamendoza@email.local;Valia;Mendoza;União da Vitória;BR;T01
omarabenson;#Ff0Yr7%;omarabenson@email.local;Omara;Benson;Carlópolis;BR;T01
palomamorse;$3uG2%Fz;palomamorse@email.local;Paloma;Morse;Antonina;BR;T01
yasmingarcia;%pP2Xh#5;yasmingarcia@email.local;Yasmin;Garcia;Bela Vista da Caroba;BR;T01
joycewallace;W$25rgM%;joycewallace@email.local;Joyce;Wallace;Campo Mourão;BR;T01
wismarachase;1$Yye3&X;wismarachase@email.local;Wismara;Chase;Rio Bonito do Iguaçu;BR;T01
guilherminadugan;Oj1V$#x5;guilherminadugan@email.local;Guilhermina;Dugan;Guarapuava;BR;T01
verenagarrett;dV%6$pK7;verenagarrett@email.local;Verena;Garrett;Santa Mônica;BR;T01
suzanyguthrie;#UL80es%;suzanyguthrie@email.local;Suzany;Guthrie;São Jorge do Ivaí;BR;T01
teanirahumphries;IWl%y0$2;teanirahumphries@email.local;Teanira;Humphries;Lobato;BR;T01
wilmaradickson;4HL$yh#7;wilmaradickson@email.local;Wilmara;Dickson;Ibaiti;BR;T01
wildanielsen;%w3zXY&6;wildanielsen@email.local;Wilda;Nielsen;Serranópolis do Iguaçu;BR;T01
adriellivaughn;$6g%VbR7;adriellivaughn@email.local;Adrielli;Vaughn;São Tomé;BR;T01
manuelawhitaker;10QX&t$g;manuelawhitaker@email.local;Manuela;Whitaker;São José Das Palmeiras;BR;T01
dianecantu;$4Pd9&zW;dianecantu@email.local;Diane;Cantu;Flor da Serra do Sul;BR;T01
cambyziegler;@29&qdRS;cambyziegler@email.local;Camby;Ziegler;Roncador;BR;T01
sitahampton;PH%oi8#2;sitahampton@email.local;Sita;Hampton;Coronel Vivida;BR;T01
kamillyreese;65bPv&@I;kamillyreese@email.local;Kamilly;Reese;Wenceslau Braz;BR;T01
beaumontturner;#$6sLrW0;beaumontturner@email.local;Beaumont;Turner;Capitão Leônidas Marques;BR;T01
guiomarwalton;fj9$F3E@;guiomarwalton@email.local;Guiomar;Walton;Lidianópolis;BR;T01
paulinahays;&X@1mI4x;paulinahays@email.local;Paulina;Hays;Moreira Sales;BR;T01
luarabyrd;GMe16#&t;luarabyrd@email.local;Luara;Byrd;Douradina;BR;T01
xeniacahill;$XO#0nd8;xeniacahill@email.local;Xénia;Cahill;Tapira;BR;T01
sonjahouse;2Or$@6Ng;sonjahouse@email.local;Sonja;House;São Tomé;BR;T01
dudacarpenter;aO0Wk@%7;dudacarpenter@email.local;Duda;Carpenter;Palmital;BR;T01
susannemassey;2S5uM#f@;susannemassey@email.local;Susanne;Massey;Guairaçá;BR;T01
susannelee;3#Vm0y%P;susannelee@email.local;Susanne;Lee;Perobal;BR;T01
irmajohnston;#b3C4c&I;irmajohnston@email.local;Irma;Johnston;Vera Cruz do Oeste;BR;T01
pauleteholland;T1e$t@6U;pauleteholland@email.local;Paulete;Holland;Ibaiti;BR;T01
pauletelewis;mP29$&Ui;pauletelewis@email.local;Paulete;Lewis;Bom Jesus do Sul;BR;T01
gabriellepittman;@j31PF#u;gabriellepittman@email.local;Gabrielle;Pittman;Jussara;BR;T01
carlybender;AJz7w&3%;carlybender@email.local;Carly;Bender;Andirá;BR;T01
yasminhackett;$l5%P6Sn;yasminhackett@email.local;Yasmin;Hackett;São Manoel do Paraná;BR;T01
raimundastiles;wJR7&#4o;raimundastiles@email.local;Raimunda;Stiles;Maripá;BR;T01
yulabishop;$T8@iK5a;yulabishop@email.local;Yula;Bishop;Lunardelli;BR;T01
carinapope;w%3TG&z0;carinapope@email.local;Carina;Pope;Serranópolis do Iguaçu;BR;T01
beatricegray;7y&m4JB$;beatricegray@email.local;Beatrice;Gray;Figueira;BR;T01
yolandamccallum;$knH9#F0;yolandamccallum@email.local;Yolanda;McCallum;Paranapoema;BR;T01
tamiriscassidy;z&dM31X$;tamiriscassidy@email.local;Tamiris;Cassidy;Presidente Castelo Branco;BR;T01
sheilaelliott;yK7v@$0B;sheilaelliott@email.local;Sheila;Elliott;Pato Branco;BR;T01
olimpiafitch;%2Wv0X@l;olimpiafitch@email.local;Olímpia;Fitch;Lunardelli;BR;T01
adrielereilly;pf$O4J2&;adrielereilly@email.local;Adriele;Reilly;Atalaia;BR;T01
hildaanderson;$eOu34&H;hildaanderson@email.local;Hilda;Anderson;Sapopema;BR;T01
daisystout;A3cW&5f#;daisystout@email.local;Daisy;Stout;Umuarama;BR;T01
hebehogan;TZ#9t1&c;hebehogan@email.local;Hebe;Hogan;Jussara;BR;T01
marcelinaoleary;pB4A&@h1;marcelinaoleary@email.local;Marcelina;O’Leary;Flórida;BR;T01
giuseppinabruce;5%&1vSXw;giuseppinabruce@email.local;Giuseppina;Bruce;Araucária;BR;T01
jasminegunn;u7#5y$MF;jasminegunn@email.local;Jasmine;Gunn;Ivaté;BR;T01
talytagomez;q3Aw7G%#;talytagomez@email.local;Talyta;Gomez;Querência do Norte;BR;T01
guidaobrien;7$Dzx%3S;guidaobrien@email.local;Guida;O’Brien;Fazenda Rio Grande;BR;T01
helisagonzalez;f@VHa%01;helisagonzalez@email.local;Helisa;Gonzalez;Paula Freitas;BR;T01
elisabeteshoemaker;Q3o#Ms%2;elisabeteshoemaker@email.local;Elisabete;Shoemaker;Altônia;BR;T01
paollahouse;4Eq$%2Pv;paollahouse@email.local;Paolla;House;Telêmaco Borba;BR;T01
adriannavance;Z#cCg16$;adriannavance@email.local;Adrianna;Vance;Campo Largo;BR;T01
quessiajacobs;b3q%2$FW;quessiajacobs@email.local;Quessia;Jacobs;Antônio Olinto;BR;T01
joannesmolloyirish;#r3@yH2G;joannesmolloyirish@email.local;Joannes;Molloy Irish;Manoel Ribas;BR;T01
normachurch;$8K7ztD@;normachurch@email.local;Norma;Church;União da Vitória;BR;T01
nicolyhickman;%Z1$mEd8;nicolyhickman@email.local;Nicoly;Hickman;Arapuã;BR;T01
rebeckafry;B$6eA@m5;rebeckafry@email.local;Rebecka;Fry;Sengés;BR;T01
cameronburnham;w0y$#AT5;cameronburnham@email.local;Cameron;Burnham;Antonina;BR;T01
leonaallison;VR#d9g5@;leonaallison@email.local;Leona;Allison;Irati;BR;T01
carmenhurst;sjXE@#94;carmenhurst@email.local;Carmen;Hurst;Bela Vista do Paraíso;BR;T01
valentineallen;8$fS&o3A;valentineallen@email.local;Valentine;Allen;Cidade Gaúcha;BR;T01
raphaellezimmer;Dj%hA3$8;raphaellezimmer@email.local;Raphaelle;Zimmer;Jaboti;BR;T01
normasteele;%E&eJ1n2;normasteele@email.local;Norma;Steele;Itaperuçu;BR;T01
rebeckaparrish;%6$N2hWj;rebeckaparrish@email.local;Rebecka;Parrish;Campo Mourão;BR;T01
joycekendall;L95lSz#&;joycekendall@email.local;Joyce;Kendall;Corbélia;BR;T01
francinewaddell;&58yiP$N;francinewaddell@email.local;Francine;Waddell;Nova Santa Bárbara;BR;T01
isabellerobles;95kE@%lF;isabellerobles@email.local;Isabelle;Robles;Arapuã;BR;T01
kamillyschroeder;G5ft4K@$;kamillyschroeder@email.local;Kamilly;Schroeder;Santa Helena;BR;T01
campbelhicks;3N%$Eq7e;campbelhicks@email.local;Campbel;Hicks;Londrina;BR;T01
camilehumphrey;1cMwA&@4;camilehumphrey@email.local;Camile;Humphrey;Mercedes;BR;T01
maiarahayden;&Q96xg$J;maiarahayden@email.local;Maiara;Hayden;São Jorge do Patrocínio;BR;T01
danielevogel;5wKF9$h%;danielevogel@email.local;Daniele;Vogel;Floresta;BR;T01
verenabell;3@N$Irf6;verenabell@email.local;Verena;Bell;Serranópolis do Iguaçu;BR;T01
guilherminajames;$pj&97RG;guilherminajames@email.local;Guilhermina;James;Tapira;BR;T01
zafirabailey;k0e&%WE3;zafirabailey@email.local;Zafira;Bailey;Cândido de Abreu;BR;T01
efratamiranda;O@L$80vf;efratamiranda@email.local;Efrata;Miranda;Nova Aurora;BR;T01
pieramolloyirish;ucG3#5%Y;pieramolloyirish@email.local;Piera;Molloy Irish;Pinhão;BR;T01
vilmareid;%4o#1NXm;vilmareid@email.local;Vilma;Reid;Bom Jesus do Sul;BR;T01
osvaldamcculloch;5A8&w@Hx;osvaldamcculloch@email.local;Osvalda;McCulloch;Boa Esperança do Iguaçu;BR;T01
pinarossi;2@3tZ&cS;pinarossi@email.local;Pina;Rossi;Jandaia do Sul;BR;T01
omeliagreene;&ex3X#J4;omeliagreene@email.local;Omélia;Greene;Japurá;BR;T01
laurakirkland;r4C&j#M1;laurakirkland@email.local;Laura;Kirkland;Guaíra;BR;T01
nilmaharding;kdH2T4&#;nilmaharding@email.local;Nilma;Harding;São João do Triunfo;BR;T01
valentinedrew;#Gn@5O9t;valentinedrew@email.local;Valentine;Drew;Cruzmaltina;BR;T01
gabrieliflynn;WCuj7%5&;gabrieliflynn@email.local;Gabrieli;Flynn;Santa Mariana;BR;T01
deiserollins;4%cu@X1U;deiserollins@email.local;Deise;Rollins;Nossa Senhora Das Graças;BR;T01
carlyreeves;#N@4Y3xz;carlyreeves@email.local;Carly;Reeves;Guaraniaçu;BR;T01
daianacameron;&Qbf6W5%;daianacameron@email.local;Daiana;Cameron;Porecatu;BR;T01
jaciaravega;&$3ZaJ6c;jaciaravega@email.local;Jaciara;Vega;Brasilândia do Sul;BR;T01
danikacarter;j@XBq&12;danikacarter@email.local;Danika;Carter;Bom Sucesso;BR;T01
florarowe;aDz%@Q15;florarowe@email.local;Flora;Rowe;Santa Helena;BR;T01
laurenfreeman;i8Pf#%5O;laurenfreeman@email.local;Lauren;Freeman;Campina da Lagoa;BR;T01
raimundaharris;sf7@U$6M;raimundaharris@email.local;Raimunda;Harris;Maripá;BR;T01
omeliapayne;Ef#i%8N3;omeliapayne@email.local;Omélia;Payne;Porto Rico;BR;T01
latashamacgregor;X3Yg9#q$;latashamacgregor@email.local;Latasha;MacGregor;Palmeira;BR;T01
suzanyvogel;2V$A@7wv;suzanyvogel@email.local;Suzany;Vogel;Castro;BR;T01
francielereid;Q&sk7A#9;francielereid@email.local;Franciele;Reid;Campo Mourão;BR;T01
orianebender;%k$iKV78;orianebender@email.local;Oriane;Bender;Inácio Martins;BR;T01
tallitamcnally;1%PMiw0$;tallitamcnally@email.local;Tallita;McNally;Cambará;BR;T01
tallitaschroeder;YzaW15#%;tallitaschroeder@email.local;Tallita;Schroeder;Doutor Ulysses;BR;T01
laurenshepherd;&8O#jXy2;laurenshepherd@email.local;Lauren;Shepherd;Lobato;BR;T01
karolainemccurdy;ml8%$M0T;karolainemccurdy@email.local;Karolaine;McCurdy;Pérola D´oeste;BR;T01
sitaself;v%Fm@W32;sitaself@email.local;Sita;Self;Cruz Machado;BR;T01
paulabond;k9#y3I$P;paulabond@email.local;Paula;Bond;Santo Antônio do Paraíso;BR;T01
luannarose;8c&HRg4$;luannarose@email.local;Luanna;Rose;São Jerônimo da Serra;BR;T01
talitamay;7J5Mn%t&;talitamay@email.local;Talita;May;Wenceslau Braz;BR;T01
julietesnow;#S$4qgZ6;julietesnow@email.local;Juliete;Snow;Planaltina do Paraná;BR;T01
carinelowe;&Fyr1L4#;carinelowe@email.local;Carine;Lowe;Francisco Beltrão;BR;T01
nilmaneal;FxtN7@$3;nilmaneal@email.local;Nilma;Neal;Doutor Camargo;BR;T01
carmenwells;9$hw6W&A;carmenwells@email.local;Carmen;Wells;Centenário do Sul;BR;T01
juliannemitchell;pB3Y@q6#;juliannemitchell@email.local;Julianne;Mitchell;Santana do Itararé;BR;T01
sandyholmes;&r16@LlZ;sandyholmes@email.local;Sandy;Holmes;Uraí;BR;T01
edwinamcgrath;cBC@21t&;edwinamcgrath@email.local;Edwina;McGrath;Santo Inácio;BR;T01
isacopeland;1lZY#@w5;isacopeland@email.local;Isa;Copeland;Porto Amazonas;BR;T01
guilherminaashby;0Y4oSu%#;guilherminaashby@email.local;Guilhermina;Ashby;General Carneiro;BR;T01
danielechilders;z@Mp6X$1;danielechilders@email.local;Daniele;Childers;Lidianópolis;BR;T01
daisywilliamson;B%m&H0h2;daisywilliamson@email.local;Daisy;Williamson;Cafeara;BR;T01
najahutchison;G2bK$&c6;najahutchison@email.local;Naja;Hutchison;São João do Ivaí;BR;T01
abigaillane;$ea0SY@5;abigaillane@email.local;Abigail;Lane;Jesuítas;BR;T01
sonjashields;gV%29@Ez;sonjashields@email.local;Sonja;Shields;Agudos do Sul;BR;T01
lepekarichards;@Fh7#sS3;lepekarichards@email.local;Lepeka;Richards;Douradina;BR;T01
kemallowe;9a$iN#Y8;kemallowe@email.local;Kemal;Lowe;Itaperuçu;BR;T01
valdabishop;p3d$RJ0#;valdabishop@email.local;Valda;Bishop;Maringá;BR;T01
zulmiratierney;4zB3@$gL;zulmiratierney@email.local;Zulmira;Tierney;Alvorada do Sul;BR;T01
daianeziegler;C$i6fQ@4;daianeziegler@email.local;Daiane;Ziegler;Santana do Itararé;BR;T01
heliachristie;6#ZM7z$e;heliachristie@email.local;Helia;Christie;Pontal do Paraná;BR;T01
darawaugh;6e9%X@wW;darawaugh@email.local;Dara;Waugh;Mandirituba;BR;T01
manoelamcmanus;M%wK$x83;manoelamcmanus@email.local;Manoela;McManus;Nova Cantu;BR;T01
valdahoover;&q4#w0XC;valdahoover@email.local;Valda;Hoover;Cruzeiro do Oeste;BR;T01
nicollypadilla;@k8n5#PH;nicollypadilla@email.local;Nicolly;Padilla;Rio Negro;BR;T01
lepekaflanagan;3C7t#jM@;lepekaflanagan@email.local;Lepeka;Flanagan;Itaúna do Sul;BR;T01
sheilapower;lbUV8&#1;sheilapower@email.local;Sheila;Power;Antônio Olinto;BR;T01
orianepike;l$@mL86X;orianepike@email.local;Oriane;Pike;Barbosa Ferraz;BR;T01
noaalexander;Hlf@G23$;noaalexander@email.local;Noa;Alexander;Novo Itacolomi;BR;T01
beagarrett;nKx5@6%E;beagarrett@email.local;Bea;Garrett;Jardim Olinda;BR;T01
susannedoherty;&Q7zxX0#;susannedoherty@email.local;Susanne;Doherty;Planalto;BR;T01
urniadaly;l&24%BzI;urniadaly@email.local;Urânia;Daly;São Manoel do Paraná;BR;T01
karolainewatson;R&58j@Wr;karolainewatson@email.local;Karolaine;Watson;Grandes Rios;BR;T01
julietemackinnon;@87Tx$Bm;julietemackinnon@email.local;Juliete;MacKinnon;Tapejara;BR;T01
quirinawoodward;@TAa19$e;quirinawoodward@email.local;Quirina;Woodward;Cândido de Abreu;BR;T01
adriafisher;#x8%S1Dc;adriafisher@email.local;Adria;Fisher;São Carlos do Ivaí;BR;T01
geovannamcneil;I$fH%g39;geovannamcneil@email.local;Geovanna;McNeil;Jaboti;BR;T01
rebeckahogan;4#pgR&N1;rebeckahogan@email.local;Rebecka;Hogan;Perobal;BR;T01
jaciaraedwards;1Wz@9cB$;jaciaraedwards@email.local;Jaciara;Edwards;Primeiro de Maio;BR;T01
adrianeflynn;2@BWf%6n;adrianeflynn@email.local;Adriane;Flynn;Paraíso do Norte;BR;T01
leapatterson;%4VH6$oh;leapatterson@email.local;Lea;Patterson;Ângulo;BR;T01
jasminmead;$fT0g&2G;jasminmead@email.local;Jasmin;Mead;Coronel Domingos Soares;BR;T01
raphaellestiles;I0h3l#C@;raphaellestiles@email.local;Raphaelle;Stiles;Jacarezinho;BR;T01
talitafanning;87#Je$Tk;talitafanning@email.local;Talita;Fanning;Pontal do Paraná;BR;T01
francielewaddell;1&6J@cvP;francielewaddell@email.local;Franciele;Waddell;Janiópolis;BR;T01
carlywood;c&39JS$u;carlywood@email.local;Carly;Wood;Imbaú;BR;T01
urnialyon;QP%qm4&0;urnialyon@email.local;Urânia;Lyon;Barra do Jacaré;BR;T01
luaneodonnell;TYh7r#4$;luaneodonnell@email.local;Luane;O’Donnell;Cruzeiro do Iguaçu;BR;T01
pierinaelliott;2N#6f&rB;pierinaelliott@email.local;Pierina;Elliott;Laranjal;BR;T01
hildachoate;Kz3$%Jt7;hildachoate@email.local;Hilda;Choate;Maria Helena;BR;T01
telmacrowley;$RhX1a&4;telmacrowley@email.local;Telma;Crowley;Quinta do Sol;BR;T01
rosanaclark;Qhw9K#4$;rosanaclark@email.local;Rosana;Clark;Serranópolis do Iguaçu;BR;T01
becaaustin;9s%@4AbM;becaaustin@email.local;Beca;Austin;Apucarana;BR;T01
adriamurphy;$39mZU@a;adriamurphy@email.local;Adria;Murphy;Guairaçá;BR;T01
kirakeene;5&hW0Om%;kirakeene@email.local;Kira;Keene;Godoy Moreira;BR;T01
babetekirby;1#2fG$uI;babetekirby@email.local;Babete;Kirby;Cruzmaltina;BR;T01
ranyazimmer;Npt5W@7%;ranyazimmer@email.local;Ranya;Zimmer;Céu Azul;BR;T01
francescajacobs;TZmu13&%;francescajacobs@email.local;Francesca;Jacobs;Francisco Beltrão;BR;T01
pierastephenson;1gy9#EY%;pierastephenson@email.local;Piera;Stephenson;Ponta Grossa;BR;T01
fabianawaugh;0d@FR$3v;fabianawaugh@email.local;Fabiana;Waugh;Paranapoema;BR;T01
becamccain;Z9#cV&n6;becamccain@email.local;Beca;McCain;Atalaia;BR;T01
dianepatton;yJN&80f$;dianepatton@email.local;Diane;Patton;Santo Antônio do Caiuá;BR;T01
joseanemueller;RzxV5@0%;joseanemueller@email.local;Joseane;Mueller;Borrazópolis;BR;T01
rosemead;x7BG@5r&;rosemead@email.local;Rose;Mead;Nova Londrina;BR;T01
deisegonzales;&VH5gb0$;deisegonzales@email.local;Deise;Gonzales;Marquinho;BR;T01
ximenaserrano;MF%5@8bj;ximenaserrano@email.local;Ximena;Serrano;General Carneiro;BR;T01
manoelanapier;Ce8%&c7P;manoelanapier@email.local;Manoela;Napier;Janiópolis;BR;T01
rosemaryjohnston;2u@GDa7&;rosemaryjohnston@email.local;Rosemary;Johnston;Turvo;BR;T01
vianapreston;o$94E#Lj;vianapreston@email.local;Viana;Preston;Piên;BR;T01
quarbradford;&hP$R1k0;quarbradford@email.local;Quar;Bradford;Lunardelli;BR;T01
suzanemalloy;%CE6$uh9;suzanemalloy@email.local;Suzane;Malloy;Uraí;BR;T01
olgaputnam;LP&4$k5a;olgaputnam@email.local;Olga;Putnam;Tunas do Paraná;BR;T01
valiacastro;&@ZeJ26z;valiacastro@email.local;Valia;Castro;Cruzeiro do Sul;BR;T01
zafiramcknight;$bJ%3t0V;zafiramcknight@email.local;Zafira;McKnight;Rosário do Ivaí;BR;T01
rafaellahansen;7@Gt&3Hk;rafaellahansen@email.local;Rafaella;Hansen;Tapejara;BR;T01
polianacantu;4Dvp3&B#;polianacantu@email.local;Poliana;Cantu;Cidade Gaúcha;BR;T01
sandymaloney;$0tV7Rz@;sandymaloney@email.local;Sandy;Maloney;Figueira;BR;T01
nicolywilliamson;w#0&M5iK;nicolywilliamson@email.local;Nicoly;Williamson;Rolândia;BR;T01
panekirodriguez;Ofm0K8@&;panekirodriguez@email.local;Paneki;Rodriguez;Ariranha do Ivaí;BR;T01
isabelmcneill;0&r%7cHL;isabelmcneill@email.local;Isabel;McNeill;Mallet;BR;T01
elisabeteweaver;4%u3Vm&K;elisabeteweaver@email.local;Elisabete;Weaver;Santa Isabel do Ivaí;BR;T01
kelikaxuan;%&PvY25s;kelikaxuan@email.local;Kelika;Xuan;Guaraqueçaba;BR;T01
bellabird;0$h#6cTH;bellabird@email.local;Bella;Bird;São José Das Palmeiras;BR;T01
carinejoyce;S@hJ3%0l;carinejoyce@email.local;Carine;Joyce;Xambrê;BR;T01
teodorabragg;B@58$eOt;teodorabragg@email.local;Teodora;Bragg;Cruzeiro do Iguaçu;BR;T01
susanemarshall;#2@j3hCX;susanemarshall@email.local;Susane;Marshall;Uraí;BR;T01
neilakoenig;$2oI@R8l;neilakoenig@email.local;Neila;Koenig;Itambaracá;BR;T01
beaumontsawyer;Vo58S%@z;beaumontsawyer@email.local;Beaumont;Sawyer;Ivaté;BR;T01
eleonoramalone;l72%XH$m;eleonoramalone@email.local;Eleonora;Malone;Icaraíma;BR;T01
helmaroach;s@3&rK0H;helmaroach@email.local;Helma;Roach;Corumbataí do Sul;BR;T01
latoniamaloney;Hb#82m&P;latoniamaloney@email.local;Latonia;Maloney;São Carlos do Ivaí;BR;T01
valentinelopez;G0tx3#&T;valentinelopez@email.local;Valentine;Lopez;Mangueirinha;BR;T01
lauramatthews;aY2&fN8#;lauramatthews@email.local;Laura;Matthews;Barracão;BR;T01
karenabernathy;5s%iJ4Z&;karenabernathy@email.local;Karen;Abernathy;Siqueira Campos;BR;T01
bellahampton;$5Sl@2aR;bellahampton@email.local;Bella;Hampton;Nova Olímpia;BR;T01
otiliafournier;gl&9P2O#;otiliafournier@email.local;Otília;Fournier;Pérola D´oeste;BR;T01
jaciaraurquhart;$L98Mjw@;jaciaraurquhart@email.local;Jaciara;Urquhart;Bom Sucesso do Sul;BR;T01
suziglass;zG1aP&4$;suziglass@email.local;Suzi;Glass;Jundiaí do Sul;BR;T01
isabellimoreno;5n$1ZuJ%;isabellimoreno@email.local;Isabelli;Moreno;Ponta Grossa;BR;T01
raphaelacross;C@oz74%E;raphaelacross@email.local;Raphaela;Cross;Sengés;BR;T01
irmaharper;O6$&7Lng;irmaharper@email.local;Irma;Harper;Vitorino;BR;T01
xeniaingram;&Aa@w5X7;xeniaingram@email.local;Xénia;Ingram;Loanda;BR;T01
rebeckahurley;q#Z4r2&W;rebeckahurley@email.local;Rebecka;Hurley;Presidente Castelo Branco;BR;T01
jasminelyon;%xmO8$9P;jasminelyon@email.local;Jasmine;Lyon;Prado Ferreira;BR;T01
tainaracurran;p0$@8ZMh;tainaracurran@email.local;Tainara;Curran;Diamante D´oeste;BR;T01
susanneboone;@q#j4T0I;susanneboone@email.local;Susanne;Boone;Lunardelli;BR;T01
najajackson;uTg%8L9#;najajackson@email.local;Naja;Jackson;Mariluz;BR;T01
zelinasnyder;@0&s9UHy;zelinasnyder@email.local;Zelina;Snyder;Alto Paraná;BR;T01
leonahooper;1#$tuO8B;leonahooper@email.local;Leona;Hooper;Terra Rica;BR;T01
deisearcher;uP9v%5&H;deisearcher@email.local;Deise;Archer;Santa Tereza do Oeste;BR;T01
panekimckee;B65@Kk$w;panekimckee@email.local;Paneki;McKee;Atalaia;BR;T01
jussaragentry;#PO5i3e$;jussaragentry@email.local;Jussara;Gentry;Saudade do Iguaçu;BR;T01
luaramccaffrey;0S&f8#Rc;luaramccaffrey@email.local;Luara;McCaffrey;Entre Rios do Oeste;BR;T01
joaquinabanks;4#%AI6pb;joaquinabanks@email.local;Joaquina;Banks;Iracema do Oeste;BR;T01
heloisaryan;Z29$rA@l;heloisaryan@email.local;Heloísa;Ryan;Tomazina;BR;T01
yannibrooks;l&59Hs@K;yannibrooks@email.local;Yanni;Brooks;Cruzeiro do Sul;BR;T01
valescahopper;FJ%$85ke;valescahopper@email.local;Valesca;Hopper;Vera Cruz do Oeste;BR;T02
luanefallon;1$eA%3lU;luanefallon@email.local;Luane;Fallon;Capanema;BR;T02
sophiealmeida;C@S%8a3i;sophiealmeida@email.local;Sophie;Almeida;Reserva do Iguaçu;BR;T02
julianeboyd;&xT%17Pm;julianeboyd@email.local;Juliane;Boyd;Bituruna;BR;T02
vilmatempleton;J#Nc6y%4;vilmatempleton@email.local;Vilma;Templeton;Ouro Verde do Oeste;BR;T02
zaharanorth;%t$1Ev0R;zaharanorth@email.local;Zahara;North;Marilândia do Sul;BR;T02
deisepratt;qF#%3g0Y;deisepratt@email.local;Deise;Pratt;Dois Vizinhos;BR;T02
jasminmckenna;K%T$x09i;jasminmckenna@email.local;Jasmin;McKenna;Tunas do Paraná;BR;T02
jasmimjimenez;4#&S0zBr;jasmimjimenez@email.local;Jasmim;Jimenez;Maria Helena;BR;T02
samantacooney;3k%4s#UO;samantacooney@email.local;Samanta;Cooney;Conselheiro Mairinck;BR;T02
urbelinapratt;wT7#2sL$;urbelinapratt@email.local;Urbelina;Pratt;Cafeara;BR;T02
zahrabates;6#wO$iF4;zahrabates@email.local;Zahra;Bates;Rancho Alegre D´oeste;BR;T02
geovannabrady;1n#7b$GV;geovannabrady@email.local;Geovanna;Brady;Ortigueira;BR;T02
daianegleason;fI2P5#x@;daianegleason@email.local;Daiane;Gleason;Ventania;BR;T02
malusutherland;6Uq$eH2#;malusutherland@email.local;Malu;Sutherland;Altônia;BR;T02
zildawoods;7K@Tfj9$;zildawoods@email.local;Zilda;Woods;Renascença;BR;T02
carinerobinson;#S2&Lm4h;carinerobinson@email.local;Carine;Robinson;Terra Roxa;BR;T02
sulamitaclayton;L$&e28Wo;sulamitaclayton@email.local;Sulamita;Clayton;Iguatu;BR;T02
francispearson;J$5s7&qO;francispearson@email.local;Francis;Pearson;Santa Isabel do Ivaí;BR;T02
betinagriffin;#6eU@7Ps;betinagriffin@email.local;Betina;Griffin;Salgado Filho;BR;T02
elizabetehawkins;7z5@V$uA;elizabetehawkins@email.local;Elizabete;Hawkins;Altônia;BR;T02
laurenbeck;l74%@KHk;laurenbeck@email.local;Lauren;Beck;Coronel Vivida;BR;T02
gitabowers;Eb#P9%3d;gitabowers@email.local;Gita;Bowers;Marmeleiro;BR;T02
xuxadonnelly;dh%Y6$4A;xuxadonnelly@email.local;Xuxa;Donnelly;Piraí do Sul;BR;T02
lanichristian;@dwG0%5W;lanichristian@email.local;Lani;Christian;Campina do Simão;BR;T02
xuxablake;@14U&bHc;xuxablake@email.local;Xuxa;Blake;Quatiguá;BR;T02
teodoramccann;w&bHB0%7;teodoramccann@email.local;Teodora;McCann;Bituruna;BR;T02
kaylanesherwood;jV1z&%A0;kaylanesherwood@email.local;Kaylane;Sherwood;Imbaú;BR;T02
ximenagarner;8Y&v6@gF;ximenagarner@email.local;Ximena;Garner;Ortigueira;BR;T02
marcelinacantu;7UqVx#$1;marcelinacantu@email.local;Marcelina;Cantu;Nova Aliança do Ivaí;BR;T02
latoniasutton;MxtH4$9&;latoniasutton@email.local;Latonia;Sutton;Piraquara;BR;T02
jussaracoyne;E1Xm@o$2;jussaracoyne@email.local;Jussara;Coyne;Boa Ventura de São Roque;BR;T02
franciscaramos;W%$Q86vl;franciscaramos@email.local;Francisca;Ramos;Grandes Rios;BR;T02
cambytierney;eF0O%7z$;cambytierney@email.local;Camby;Tierney;Nova Laranjeiras;BR;T02
daianexu;Y6#0ik@H;daianexu@email.local;Daiane;Xu;Serranópolis do Iguaçu;BR;T02
yanniromero;AM7ei#0%;yanniromero@email.local;Yanni;Romero;Nova Tebas;BR;T02
camilamartin;@M4hG%p7;camilamartin@email.local;Camila;Martin;Ubiratã;BR;T02
isaurabrady;E&Ns5k%0;isaurabrady@email.local;Isaura;Brady;Itaguajé;BR;T02
violettaberry;&gh3UB9$;violettaberry@email.local;Violetta;Berry;União da Vitória;BR;T02
quirinakenney;%15YnAv$;quirinakenney@email.local;Quirina;Kenney;Goioerê;BR;T02
karlahead;M5y#Ym$6;karlahead@email.local;Karla;Head;Marquinho;BR;T02
elaynnecunningham;c&Hw27%E;elaynnecunningham@email.local;Elaynne;Cunningham;Vitorino;BR;T02
lanischneider;90a@uE%M;lanischneider@email.local;Lani;Schneider;Siqueira Campos;BR;T02
gabrielegarza;9G@&8dqF;gabrielegarza@email.local;Gabriele;Garza;Marumbi;BR;T02
gabrieliburton;95yDG#p%;gabrieliburton@email.local;Gabrieli;Burton;Cantagalo;BR;T02
hildablack;9PAj#$k2;hildablack@email.local;Hilda;Black;Santa Cecília do Pavão;BR;T02
cambybrown;4aSN&8c#;cambybrown@email.local;Camby;Brown;Cornélio Procópio;BR;T02
maiarakenney;Qq$%90bE;maiarakenney@email.local;Maiara;Kenney;Ribeirão do Pinhal;BR;T02
teodoradiaz;yX%2K@5p;teodoradiaz@email.local;Teodora;Diaz;Almirante Tamandaré;BR;T02
osirisschroeder;4#$mPdL9;osirisschroeder@email.local;Osíris;Schroeder;Nova Santa Bárbara;BR;T02
raphaellecullen;#Cc9y2F$;raphaellecullen@email.local;Raphaelle;Cullen;Rancho Alegre D´oeste;BR;T02
danikawaddell;XlU%p0$1;danikawaddell@email.local;Danika;Waddell;São Mateus do Sul;BR;T02
orianecormier;E3k#2t%G;orianecormier@email.local;Oriane;Cormier;Quitandinha;BR;T02
helenablack;4&tYi7@U;helenablack@email.local;Helena;Black;União da Vitória;BR;T02
elizabetegreenwood;wE08lG#$;elizabetegreenwood@email.local;Elizabete;Greenwood;São José da Boa Vista;BR;T02
francielebailey;yQ4r1I@&;francielebailey@email.local;Franciele;Bailey;São João do Caiuá;BR;T02
maiaralindsay;$Np4Bg%6;maiaralindsay@email.local;Maiara;Lindsay;Rebouças;BR;T02
orietecurran;l06OJ%@s;orietecurran@email.local;Oriete;Curran;Munhoz de Melo;BR;T02
adriellemaloney;&7@cM1Il;adriellemaloney@email.local;Adrielle;Maloney;Primeiro de Maio;BR;T02
sonjabatchelor;38$N%qRm;sonjabatchelor@email.local;Sonja;Batchelor;Sarandi;BR;T02
dianecooper;@0m8A%qJ;dianecooper@email.local;Diane;Cooper;São José Das Palmeiras;BR;T02
teaniraherndon;#%E2rZz5;teaniraherndon@email.local;Teanira;Herndon;Peabiru;BR;T02
elianepoole;Z&3w6#fS;elianepoole@email.local;Eliane;Poole;Mandirituba;BR;T02
samantawhittaker;1#lRn$6U;samantawhittaker@email.local;Samanta;Whittaker;Mandaguaçu;BR;T02
leakoch;%LAz&d13;leakoch@email.local;Lea;Koch;Palotina;BR;T02
larisamccall;Y%sC62#j;larisamccall@email.local;Larisa;McCall;Altamira do Paraná;BR;T02
najabragg;M3#@0cxY;najabragg@email.local;Naja;Bragg;Kaloré;BR;T02
ranildafowler;Cay6&3E%;ranildafowler@email.local;Ranilda;Fowler;Wenceslau Braz;BR;T02
indirawoodward;4B$5a%Yg;indirawoodward@email.local;Indira;Woodward;Saudade do Iguaçu;BR;T02
dayanevogel;&b8F4#Ms;dayanevogel@email.local;Dayane;Vogel;Flórida;BR;T02
rosemaryfrazier;3&@v9AMq;rosemaryfrazier@email.local;Rosemary;Frazier;Manfrinópolis;BR;T02
elaynnemahoney;6QP1@an$;elaynnemahoney@email.local;Elaynne;Mahoney;Vila Alta;BR;T02
quesiaferguson;vWU60$#b;quesiaferguson@email.local;Quésia;Ferguson;Nova Santa Bárbara;BR;T02
cambyaguirre;%mF4&5Go;cambyaguirre@email.local;Camby;Aguirre;Inajá;BR;T02
jaciaraclifford;S3W7x@&h;jaciaraclifford@email.local;Jaciara;Clifford;Assis Chateaubriand;BR;T02
margaretepeck;5X4$#Iah;margaretepeck@email.local;Margarete;Peck;Nova Londrina;BR;T02
fabianaximenes;F#9%Px3v;fabianaximenes@email.local;Fabiana;Ximenes;Santa Cecília do Pavão;BR;T02
karolchristian;cnH5X%8#;karolchristian@email.local;Karol;Christian;Itapejara D´oeste;BR;T02
helenrandall;t@J%Iq73;helenrandall@email.local;Hélen;Randall;Paranapoema;BR;T02
dudasears;q9&#vO2Y;dudasears@email.local;Duda;Sears;Pinhais;BR;T02
yasmimspears;5EGh#q$8;yasmimspears@email.local;Yasmim;Spears;Iguatu;BR;T02
sitaperry;LDh0#m$1;sitaperry@email.local;Sita;Perry;Antônio Olinto;BR;T02
ekikahopper;Obu1Y%8@;ekikahopper@email.local;Ekika;Hopper;Tapejara;BR;T02
karlytimmons;xt5N@E$9;karlytimmons@email.local;Karly;Timmons;Entre Rios do Oeste;BR;T02
talytadunlap;b@B#A38a;talytadunlap@email.local;Talyta;Dunlap;Araucária;BR;T02
violettaxing;%x89@VOr;violettaxing@email.local;Violetta;Xing;Pinhão;BR;T02
violetajohnston;$A9&S7av;violetajohnston@email.local;Violeta;Johnston;Campo Bonito;BR;T02
samantaknight;v0#K5%iU;samantaknight@email.local;Samanta;Knight;Rio Branco do Sul;BR;T02
omeliakenny;Od$b84X@;omeliakenny@email.local;Omélia;Kenny;Pato Bragado;BR;T02
iasmyrusso;v5%IOr#0;iasmyrusso@email.local;Iasmy;Russo;Pinhal de São Bento;BR;T02
latoniadickson;d58#@OQo;latoniadickson@email.local;Latonia;Dickson;Santa Isabel do Ivaí;BR;T02
latoniahuffman;w@%HW48t;latoniahuffman@email.local;Latonia;Huffman;Flor da Serra do Sul;BR;T02
manuelaphillips;1bJ&5$yT;manuelaphillips@email.local;Manuela;Phillips;Araucária;BR;T02
suzannyallen;%8Q#1oeO;suzannyallen@email.local;Suzanny;Allen;Janiópolis;BR;T02
nelitaslaughter;GT%5$7yi;nelitaslaughter@email.local;Nelita;Slaughter;Maria Helena;BR;T02
edwinaalexander;JxQ$6#2u;edwinaalexander@email.local;Edwina;Alexander;Cruzeiro do Iguaçu;BR;T02
francieleglover;0Et#6n%Q;francieleglover@email.local;Franciele;Glover;Marilândia do Sul;BR;T02
gabrielibenton;9$Jp%Rf1;gabrielibenton@email.local;Gabrieli;Benton;Jaguariaíva;BR;T02
quessiafloyd;O$nT#09j;quessiafloyd@email.local;Quessia;Floyd;Floraí;BR;T02
gilmarathomson;w2#NLl1%;gilmarathomson@email.local;Gilmara;Thomson;Centenário do Sul;BR;T02
lunasampson;X#$3tEn4;lunasampson@email.local;Luna;Sampson;Honório Serpa;BR;T02
yolandaconnolly;@nb7E8$X;yolandaconnolly@email.local;Yolanda;Connolly;Santa Terezinha de Itaipu;BR;T02
helencook;T3B5$ys%;helencook@email.local;Hélen;Cook;Santa Mônica;BR;T02
nicolyabernathy;KV%n5#t4;nicolyabernathy@email.local;Nicoly;Abernathy;Piên;BR;T02
patiencegibbons;LK#&7x3j;patiencegibbons@email.local;Patience;Gibbons;São José Dos Pinhais;BR;T02
rebeccakilgore;K&q9gR0%;rebeccakilgore@email.local;Rebecca;Kilgore;Ivaté;BR;T02
maddalenadelaney;17CYaq@%;maddalenadelaney@email.local;Maddalena;Delaney;Santo Antônio do Paraíso;BR;T02
osvaldastout;6JAyu#&8;osvaldastout@email.local;Osvalda;Stout;Peabiru;BR;T02
nitalarkin;I7&B1vt#;nitalarkin@email.local;Nita;Larkin;Reserva;BR;T02
yohannaconley;Q0g$y6#A;yohannaconley@email.local;Yohanna;Conley;Japurá;BR;T02
luarahartley;wH0k%O3$;luarahartley@email.local;Luara;Hartley;Nova Aliança do Ivaí;BR;T02
gabriellepennington;8z$2PkV@;gabriellepennington@email.local;Gabrielle;Pennington;Palotina;BR;T02
zahararowe;C7M2l@$p;zahararowe@email.local;Zahara;Rowe;Iguatu;BR;T02
joaquinayelchin;4%&o0LOy;joaquinayelchin@email.local;Joaquina;Yelchin;Rio Branco do Sul;BR;T02
quessiakerr;WmGv02#&;quessiakerr@email.local;Quessia;Kerr;Telêmaco Borba;BR;T02
ekikakirkland;$1c%0oOM;ekikakirkland@email.local;Ekika;Kirkland;Peabiru;BR;T02
teodorabaxter;%y0L7m#I;teodorabaxter@email.local;Teodora;Baxter;Tomazina;BR;T02
dudahooper;6VKu#%9n;dudahooper@email.local;Duda;Hooper;Mallet;BR;T02
eleonoraloomis;@o6HX$1y;eleonoraloomis@email.local;Eleonora;Loomis;Pinhal de São Bento;BR;T02
nitafrazier;R8g&u$Q9;nitafrazier@email.local;Nita;Frazier;Santa Lúcia;BR;T02
gianninasharp;Ao4@w%N7;gianninasharp@email.local;Giannina;Sharp;Paulo Frontin;BR;T02
raimundafisher;#A$Bw26c;raimundafisher@email.local;Raimunda;Fisher;Florestópolis;BR;T02
abatirogers;#$iAt8J6;abatirogers@email.local;Abati;Rogers;Saudade do Iguaçu;BR;T02
zuleicacannon;ua9%4X&J;zuleicacannon@email.local;Zuleica;Cannon;Nova Tebas;BR;T02
marcelinadavidson;sW6&d%J9;marcelinadavidson@email.local;Marcelina;Davidson;São José Das Palmeiras;BR;T02
elizabetehayden;$7C&Glj2;elizabetehayden@email.local;Elizabete;Hayden;Santa Izabel do Oeste;BR;T02
yelenamcgregor;k4Fs@K2$;yelenamcgregor@email.local;Yelena;McGregor;Jesuítas;BR;T02
daisynicholson;tS15B&i%;daisynicholson@email.local;Daisy;Nicholson;Paraíso do Norte;BR;T02
julianegoodman;9#Z0&Tpz;julianegoodman@email.local;Juliane;Goodman;São Carlos do Ivaí;BR;T02
polianaconnell;91#qIaS%;polianaconnell@email.local;Poliana;Connell;Enéas Marques;BR;T02
violetanorris;D8r$%5Kn;violetanorris@email.local;Violeta;Norris;Renascença;BR;T02
jussaraduckworth;9Zc2e@&K;jussaraduckworth@email.local;Jussara;Duckworth;Santa Helena;BR;T02
irmacole;3Vf6$h&N;irmacole@email.local;Irma;Cole;Cambé;BR;T02
jasminoconnor;W&#h09Et;jasminoconnor@email.local;Jasmin;O’Connor;Quinta do Sol;BR;T02
carinehatch;e1UG%5&d;carinehatch@email.local;Carine;Hatch;Dois Vizinhos;BR;T02
marcelaharris;qBO3#x@6;marcelaharris@email.local;Marcela;Harris;Londrina;BR;T02
latoniasears;UW#c9k&5;latoniasears@email.local;Latonia;Sears;Itaúna do Sul;BR;T02
elizabeteproctor;t&U$F9j5;elizabeteproctor@email.local;Elizabete;Proctor;Pontal do Paraná;BR;T02
isaurahowe;65nPz%#H;isaurahowe@email.local;Isaura;Howe;Cruzmaltina;BR;T02
olgaosullivan;F#7kLb8$;olgaosullivan@email.local;Olga;O’Sullivan;Guairaçá;BR;T02
yevacahill;m&4zY9X@;yevacahill@email.local;Yeva;Cahill;Mariópolis;BR;T02
isabellebeasley;IOh%4&0j;isabellebeasley@email.local;Isabelle;Beasley;Iguatu;BR;T02
kamillymcclellan;FP05$hy@;kamillymcclellan@email.local;Kamilly;McClellan;Pitangueiras;BR;T02
oliviacameron;v#@oQM86;oliviacameron@email.local;Olivia;Cameron;Mato Rico;BR;T02
isabelreynolds;$2q%4dLA;isabelreynolds@email.local;Isabel;Reynolds;Jacarezinho;BR;T02
gitayeun;Yb4M%@d3;gitayeun@email.local;Gita;Yeun;Ibaiti;BR;T02
zulmiraporterfield;C5lT&e$6;zulmiraporterfield@email.local;Zulmira;Porterfield;Vila Alta;BR;T02
cameronmeadows;%$zh41LH;cameronmeadows@email.local;Cameron;Meadows;Arapuã;BR;T02
isabelleperez;@0BZh6$p;isabelleperez@email.local;Isabelle;Perez;Mandaguaçu;BR;T02
cairumcdaniel;&pE9%mQ8;cairumcdaniel@email.local;Cairu;McDaniel;Borrazópolis;BR;T02
teodolindahayden;gR46&Vp@;teodolindahayden@email.local;Teodolinda;Hayden;Lobato;BR;T02
kemalmoser;I$eK&97k;kemalmoser@email.local;Kemal;Moser;Luiziana;BR;T02
filomenaslaughter;c41C@&Ng;filomenaslaughter@email.local;Filomena;Slaughter;Santa Amélia;BR;T02
karllamay;3$@0exNX;karllamay@email.local;Karlla;May;Grandes Rios;BR;T02
cairusandoval;&W#bi5U3;cairusandoval@email.local;Cairu;Sandoval;Cândido de Abreu;BR;T02
marcelabenton;t&X5@rB4;marcelabenton@email.local;Marcela;Benton;Arapoti;BR;T02
heliamackenzie;j$%PK62q;heliamackenzie@email.local;Helia;MacKenzie;Cambará;BR;T02
kasandrawood;t1%#2RoQ;kasandrawood@email.local;Kasandra;Wood;Campina do Simão;BR;T02
adriellimcdougall;GKf@$0m5;adriellimcdougall@email.local;Adrielli;McDougall;Quinta do Sol;BR;T02
isabellikendall;k3%2ViT$;isabellikendall@email.local;Isabelli;Kendall;Bom Sucesso;BR;T02
magalischofield;5@Naf4#V;magalischofield@email.local;Magali;Schofield;Quatro Pontes;BR;T02
malikaphillips;tV4&#wK9;malikaphillips@email.local;Malika;Phillips;Ourizona;BR;T02
guilherminafigueroa;lTL6f$&9;guilherminafigueroa@email.local;Guilhermina;Figueroa;Guaraci;BR;T02
isabelichoate;IvB0#@h4;isabelichoate@email.local;Isabeli;Choate;Ubiratã;BR;T02
sophiebailey;z4HmJ#%6;sophiebailey@email.local;Sophie;Bailey;Faxinal;BR;T02
elviraoneil;i$4CO9#q;elviraoneil@email.local;Elvira;O’Neil;Jataizinho;BR;T02
luaneward;z$76Zw#E;luaneward@email.local;Luane;Ward;Coronel Domingos Soares;BR;T02
manuellawooten;7@FR9#df;manuellawooten@email.local;Manuella;Wooten;Itaúna do Sul;BR;T02
luaramonaghan;#e4sTL%2;luaramonaghan@email.local;Luara;Monaghan;Diamante do Norte;BR;T02
francisroth;ml#E1I@4;francisroth@email.local;Francis;Roth;Campo do Tenente;BR;T02
gabrielleemery;&X6H4p%x;gabrielleemery@email.local;Gabrielle;Emery;Salto do Itararé;BR;T02
suzanysharpe;nU%J6#8t;suzanysharpe@email.local;Suzany;Sharpe;Ribeirão Claro;BR;T02
adrianahenry;15eW@G%k;adrianahenry@email.local;Adriana;Henry;Palotina;BR;T02
leamaynard;wG@&c31T;leamaynard@email.local;Lea;Maynard;Lapa;BR;T02
dayanehackett;#H&a4yV5;dayanehackett@email.local;Dayane;Hackett;Espigão Alto do Iguaçu;BR;T02
danielamcclellan;x&@SpI19;danielamcclellan@email.local;Daniela;McClellan;Quedas do Iguaçu;BR;T02
sarareid;K1#xw4%H;sarareid@email.local;Sara;Reid;Campo Magro;BR;T02
floragarner;2$E5p#Wh;floragarner@email.local;Flora;Garner;Kaloré;BR;T02
heliodoramccoy;a1X3%@bQ;heliodoramccoy@email.local;Heliodora;McCoy;São Pedro do Iguaçu;BR;T02
bambisandoval;fI%0c&Q5;bambisandoval@email.local;Bambi;Sandoval;Grandes Rios;BR;T02
tabitabrewer;6$SmbE4&;tabitabrewer@email.local;Tabita;Brewer;Araucária;BR;T02
adailstevens;5%W@Vcj4;adailstevens@email.local;Adail;Stevens;Adrianópolis;BR;T02
orlandabarr;e%#mK37G;orlandabarr@email.local;Orlanda;Barr;Cândido de Abreu;BR;T02
orlandamclean;#Tox&H06;orlandamclean@email.local;Orlanda;McLean;Tuneiras do Oeste;BR;T02
maranamorrison;dXB0$%1j;maranamorrison@email.local;Marana;Morrison;Saudade do Iguaçu;BR;T02
teaniradonahue;Z%8#vxK0;teaniradonahue@email.local;Teanira;Donahue;Mirador;BR;T02
helisatimmons;S#$n6I9b;helisatimmons@email.local;Helisa;Timmons;Santo Antônio do Sudoeste;BR;T02
tallitasheridan;W@4fV7w%;tallitasheridan@email.local;Tallita;Sheridan;Presidente Castelo Branco;BR;T02
karenboone;#X4$r6Hi;karenboone@email.local;Karen;Boone;Moreira Sales;BR;T02
efratamcnally;@O2%7oPv;efratamcnally@email.local;Efrata;McNally;Araruna;BR;T02
kelikaconnell;d7T6i$@C;kelikaconnell@email.local;Kelika;Connell;Uniflor;BR;T02
rafaellaoneal;%#5cTVe2;rafaellaoneal@email.local;Rafaella;O’Neal;Engenheiro Beltrão;BR;T02
kaylanehammond;&PQ65b@d;kaylanehammond@email.local;Kaylane;Hammond;Paulo Frontin;BR;T02
yasminanderson;0@iF#5Bo;yasminanderson@email.local;Yasmin;Anderson;Carlópolis;BR;T02
suzannyrankin;#&7m5tNE;suzannyrankin@email.local;Suzanny;Rankin;Maripá;BR;T02
rosanazahn;%8e#5YSq;rosanazahn@email.local;Rosana;Zahn;Roncador;BR;T02
saraemery;4cz6&TW#;saraemery@email.local;Sara;Emery;Braganey;BR;T02
nelitacorbett;$ls54&TG;nelitacorbett@email.local;Nelita;Corbett;Salto do Lontra;BR;T02
karolainefraser;n@6d7YA%;karolainefraser@email.local;Karolaine;Fraser;Guaporema;BR;T02
isoldalarsen;8C$%L2og;isoldalarsen@email.local;Isolda;Larsen;Planalto;BR;T02
najilaperez;F#mQ7e@9;najilaperez@email.local;Najila;Perez;Assis Chateaubriand;BR;T02
beatesinclair;92QWj&y$;beatesinclair@email.local;Beate;Sinclair;Paranaguá;BR;T02
vismaramccullough;0$V@4sdJ;vismaramccullough@email.local;Vismara;McCullough;Quedas do Iguaçu;BR;T02
ursulaboyd;49igCK#%;ursulaboyd@email.local;Úrsula;Boyd;Icaraíma;BR;T02
maiaracarver;$#7T8sMd;maiaracarver@email.local;Maiara;Carver;Quatro Pontes;BR;T02
hildalowe;Af&hK18%;hildalowe@email.local;Hilda;Lowe;Imbaú;BR;T02
danielebuchanan;@s49#tNF;danielebuchanan@email.local;Daniele;Buchanan;Campina Grande do Sul;BR;T02
karlareed;&a@6kDF9;karlareed@email.local;Karla;Reed;Icaraíma;BR;T02
iasmybowen;7IO3r@%i;iasmybowen@email.local;Iasmy;Bowen;Uraí;BR;T02
quesiaharvey;6&3DNb#l;quesiaharvey@email.local;Quésia;Harvey;Rancho Alegre D´oeste;BR;T02
susanemcallister;#52@vmRF;susanemcallister@email.local;Susane;McAllister;Corbélia;BR;T02
kaylanemeredith;1#cI5%gR;kaylanemeredith@email.local;Kaylane;Meredith;Querência do Norte;BR;T02
sheilaogden;&i1%BSm5;sheilaogden@email.local;Sheila;Ogden;Nova Santa Rosa;BR;T02
cairushelton;&P$l43aR;cairushelton@email.local;Cairu;Shelton;Santa Tereza do Oeste;BR;T02
teodorasheehan;#EbS2g8%;teodorasheehan@email.local;Teodora;Sheehan;Ponta Grossa;BR;T02
joseaneorourke;59WX%n@e;joseaneorourke@email.local;Joseane;O’Rourke;Fernandes Pinheiro;BR;T02
larisaedwards;2Vp%sF@3;larisaedwards@email.local;Larisa;Edwards;Jandaia do Sul;BR;T02
bambiingram;3FH&yv8@;bambiingram@email.local;Bambi;Ingram;Cambé;BR;T02
elaynecooney;g@#C9Pf3;elaynecooney@email.local;Elayne;Cooney;Chopinzinho;BR;T02
maiaguthrie;I@Lf81%k;maiaguthrie@email.local;Maia;Guthrie;Laranjal;BR;T02
adailjarvis;7EG%x2y@;adailjarvis@email.local;Adail;Jarvis;Pérola D´oeste;BR;T02
heliodorareid;ipR#84$C;heliodorareid@email.local;Heliodora;Reid;Diamante do Norte;BR;T02
lauracarey;$@1B9hGz;lauracarey@email.local;Laura;Carey;Manoel Ribas;BR;T02
rebeccahudson;H4&%Yr5q;rebeccahudson@email.local;Rebecca;Hudson;Terra Rica;BR;T02
indirabarton;TRt5&#0u;indirabarton@email.local;Indira;Barton;Santo Antônio da Platina;BR;T02
yannimcallister;Q@r47&Tq;yannimcallister@email.local;Yanni;McAllister;Farol;BR;T02
urniamcfadden;B6i#V3%u;urniamcfadden@email.local;Urânia;McFadden;Antônio Olinto;BR;T02
helmalawrence;t%&F56yB;helmalawrence@email.local;Helma;Lawrence;Pitangueiras;BR;T02
dandaramonroe;0O$9Q@al;dandaramonroe@email.local;Dandara;Monroe;São José Das Palmeiras;BR;T02
wilmaday;#oM7p6&E;wilmaday@email.local;Wilma;Day;Inajá;BR;T02
haidemccarthy;#cH5k1@X;haidemccarthy@email.local;Haidê;McCarthy;Imbaú;BR;T02
otilianachilders;X0Zv$c6%;otilianachilders@email.local;Otiliana;Childers;Imbituva;BR;T02
heliastack;5q$iYB@3;heliastack@email.local;Helia;Stack;São Miguel do Iguaçu;BR;T02
ursiciananewton;Vq@Pk&27;ursiciananewton@email.local;Ursiciana;Newton;Salgado Filho;BR;T02
kelikaschaefer;i5N2R@h&;kelikaschaefer@email.local;Kelika;Schaefer;Floresta;BR;T02
bethanyholman;06P$&fuU;bethanyholman@email.local;Bethany;Holman;Nova Prata do Iguaçu;BR;T02
francishalsey;%t$SoP60;francishalsey@email.local;Francis;Halsey;Pitanga;BR;T02
adriannenewton;t02AeM$&;adriannenewton@email.local;Adrianne;Newton;Lobato;BR;T02
deborahgibbs;c95d$%YG;deborahgibbs@email.local;Deborah;Gibbs;Arapuã;BR;T02
louiseferguson;&Yuv27@Q;louiseferguson@email.local;Louise;Ferguson;Sulina;BR;T02
teaniraholloway;3HmB4@#u;teaniraholloway@email.local;Teanira;Holloway;Imbaú;BR;T02
mabelcallahan;q9#@Gd5Y;mabelcallahan@email.local;Mabel;Callahan;Santa Mônica;BR;T02
betinabeebe;2Ft8@p&J;betinabeebe@email.local;Betina;Beebe;Vila Alta;BR;T02
otilianacarter;1&U7C$hn;otilianacarter@email.local;Otiliana;Carter;Santa Lúcia;BR;T02
adriannamckay;tp%H&I85;adriannamckay@email.local;Adrianna;McKay;Araucária;BR;T02
tarsilacampbell;OxTm2#5%;tarsilacampbell@email.local;Tarsila;Campbell;Bituruna;BR;T02
cameronsimmons;t%$R4Er1;cameronsimmons@email.local;Cameron;Simmons;Rio Bonito do Iguaçu;BR;T02
kaylanemccurdy;%hR8N$1o;kaylanemccurdy@email.local;Kaylane;McCurdy;Campina da Lagoa;BR;T02
joycemacleod;#AciC0%4;joycemacleod@email.local;Joyce;MacLeod;Cruzmaltina;BR;T02
abatitaylor;@%9dUYx5;abatitaylor@email.local;Abati;Taylor;Iguatu;BR;T02
